{"cagr": 0.11836652444831652, "vol_ann": 0.16133595952157273, "sharpe": 0.7741260863870286, "max_dd": -0.24877267766705946}